Name,VeryLow,Low,Med,High,Bound
DP01WINA,0,2,2,4,Yes
DP01WINA_BREAK01,0,0,2,2,Yes
DP01WINA_BREAK02,0,0,2,2,Yes
DP01WINA_BREAK03,0,0,2,2,Yes
DP01WINA_BREAK04,0,0,2,2,Yes
DP01WINA_BREAK05,0,0,2,2,Yes
DP01WINA_BREAK06,0,0,2,2,Yes
DP01WINA_BREAK07,0,0,2,2,Yes
DP01WINA_BREAK08,0,0,2,2,Yes
DP01WINA_BREAK09,0,0,2,2,Yes
DP01WINA_BREAK10,0,0,2,2,Yes
DP01WINA_BREAK11,0,0,2,2,Yes
DP01WINA_BREAK12,0,0,2,2,Yes
DP01WINA_BREAK13,0,0,2,2,Yes
DP01WINA_BREAK14,0,0,2,2,Yes
DP01WINB,0,2,2,4,Yes
DP01WINB_BREAK01,0,0,2,2,Yes
DP01WINB_BREAK02,0,0,2,2,Yes
DP01WINB_BREAK03,0,0,2,2,Yes
DP01WINB_BREAK04,0,0,2,2,Yes
DP01WINB_BREAK05,0,0,2,2,Yes
DP01WINB_BREAK06,0,0,2,2,Yes
DP01WINB_BREAK07,0,0,2,2,Yes
DP01WINB_BREAK08,0,0,2,2,Yes
DP01WINB_BREAK09,0,0,2,2,Yes
DP01WINB_BREAK10,0,0,2,2,Yes
DP01WINB_BREAK11,0,0,2,2,Yes
DP01WINB_BREAK12,0,0,2,2,Yes
DP01WINB_BREAK13,0,0,2,2,Yes
DP01WINB_BREAK14,0,0,2,2,Yes
DP01WINC,0,2,2,4,Yes
DP01WINC_BREAK01,0,0,2,2,Yes
DP01WINC_BREAK02,0,0,2,2,Yes
DP01WINC_BREAK03,0,0,2,2,Yes
DP01WINC_BREAK04,0,0,2,2,Yes
DP01WINC_BREAK05,0,0,2,2,Yes
DP01WINC_BREAK06,0,0,2,2,Yes
DP01WINC_BREAK07,0,0,2,2,Yes
DP01WINC_BREAK08,0,0,2,2,Yes
DP01WINC_BREAK09,0,0,2,2,Yes
DP01WINC_BREAK10,0,0,2,2,Yes
DP01WINC_BREAK11,0,0,2,2,Yes
DP01WINC_BREAK12,0,0,2,2,Yes
DP01WINC_BREAK13,0,0,2,2,Yes
DP01WINC_BREAK14,0,0,2,2,Yes
DP01WINC_BREAK15,0,0,2,2,Yes
DP01WIND,0,2,2,4,Yes
DP01WIND_BREAK01,0,0,2,2,Yes
DP01WIND_BREAK02,0,0,2,2,Yes
DP01WIND_BREAK03,0,0,2,2,Yes
DP01WIND_BREAK04,0,0,2,2,Yes
DP01WIND_BREAK05,0,0,2,2,Yes
DP01WIND_BREAK06,0,0,2,2,Yes
DP01WIND_BREAK07,0,0,2,2,Yes
DP01WIND_BREAK08,0,0,2,2,Yes
DP01WIND_BREAK09,0,0,2,2,Yes
DP01WIND_BREAK10,0,0,2,2,Yes
DP01WIND_BREAK11,0,0,2,2,Yes
DP01WIND_BREAK12,0,0,2,2,Yes
DP01WIND_BREAK13,0,0,2,2,Yes
DP01WIND_BREAK14,0,0,2,2,Yes
DP01WIND_BREAK15,0,0,2,2,Yes
DP01WINE,0,0,8,8,Yes
DP01WINE_BREAK01,0,0,2,2,Yes
DP01WINE_BREAK02,0,0,2,2,Yes
DP01WINE_BREAK03,0,0,2,2,Yes
DP01WINE_BREAK04,0,0,2,2,Yes
DP01WINE_BREAK05,0,0,2,2,Yes
DP01WINE_BREAK06,0,0,2,2,Yes
DP01WINE_BREAK07,0,0,2,2,Yes
DP01WINE_BREAK08,0,0,2,2,Yes
DP01WINE_BREAK09,0,0,2,2,Yes
DP01WINE_BREAK10,0,0,2,2,Yes
DP01WINE_BREAK11,0,0,2,2,Yes
DP01WINE_BREAK12,0,0,2,2,Yes
DP01WINE_BREAK13,0,0,2,2,Yes
DP01WINF,0,4,4,4,Yes
DP01WINF_BREAK01,0,0,2,2,Yes
DP01WINF_BREAK02,0,0,2,2,Yes
DP01WINF_BREAK03,0,0,2,2,Yes
DP01WINF_BREAK04,0,0,2,2,Yes
DP01WING,0,4,4,4,Yes
DP01WING_BREAK01,0,0,2,2,Yes
DP01WING_BREAK02,0,0,2,2,Yes
DP01WING_BREAK03,0,0,2,2,Yes
DP01WING_BREAK04,0,0,2,2,Yes
DP03WINA,0,2,2,4,Yes
DP03WINA_BREAK01,0,0,2,2,Yes
DP03WINA_BREAK02,0,0,2,2,Yes
DP03WINA_BREAK03,0,0,2,2,Yes
DP03WINA_BREAK04,0,0,2,2,Yes
DP03WINA_BREAK05,0,0,2,2,Yes
DP03WINA_BREAK06,0,0,2,2,Yes
DP03WINA_BREAK07,0,0,2,2,Yes
DP03WINA_BREAK08,0,0,2,2,Yes
DP03WINA_BREAK09,0,0,2,2,Yes
DP03WINA_BREAK10,0,0,2,2,Yes
DP03WINA_BREAK11,0,0,2,2,Yes
DP03WINB,0,2,2,4,Yes
DP03WINB_BREAK01,0,0,2,2,Yes
DP03WINB_BREAK02,0,0,2,2,Yes
DP03WINB_BREAK03,0,0,2,2,Yes
DP03WINB_BREAK04,0,0,2,2,Yes
DP03WINB_BREAK05,0,0,2,2,Yes
DP03WINB_BREAK06,0,0,2,2,Yes
DP03WINB_BREAK07,0,0,2,2,Yes
DP03WINB_BREAK08,0,0,2,2,Yes
DP03WINB_BREAK09,0,0,2,2,Yes
DP03WINB_BREAK10,0,0,2,2,Yes
DP03WINB_BREAK11,0,0,2,2,Yes
DP03WINC,0,2,2,4,Yes
DP03WINC_BREAK01,0,0,2,2,Yes
DP03WINC_BREAK02,0,0,2,2,Yes
DP03WINC_BREAK03,0,0,2,2,Yes
DP03WINC_BREAK04,0,0,2,2,Yes
DP03WINC_BREAK05,0,0,2,2,Yes
DP03WINC_BREAK06,0,0,2,2,Yes
DP03WINC_BREAK07,0,0,2,2,Yes
DP03WINC_BREAK08,0,0,2,2,Yes
DP03WINC_BREAK09,0,0,2,2,Yes
DP03WINC_BREAK10,0,0,2,2,Yes
DP03WIND,0,2,2,4,Yes
DP03WIND_BREAK01,0,0,2,2,Yes
DP03WIND_BREAK02,0,0,2,2,Yes
DP03WIND_BREAK03,0,0,2,2,Yes
DP03WIND_BREAK04,0,0,2,2,Yes
DP03WIND_BREAK05,0,0,2,2,Yes
DP03WIND_BREAK06,0,0,2,2,Yes
DP03WIND_BREAK07,0,0,2,2,Yes
DP03WIND_BREAK08,0,0,2,2,Yes
DP03WIND_BREAK09,0,0,2,2,Yes
DP03WIND_BREAK10,0,0,2,2,Yes
DP03WIND_BREAK11,0,0,2,2,Yes
DP03WIND_BREAK12,0,0,2,2,Yes
DP03WINE,0,0,8,8,Yes
DP03WINE_BREAK01,0,0,2,2,Yes
DP03WINE_BREAK02,0,0,2,2,Yes
DP03WINE_BREAK03,0,0,2,2,Yes
DP03WINE_BREAK04,0,0,2,2,Yes
DP03WINE_BREAK05,0,0,2,2,Yes
DP03WINE_BREAK06,0,0,2,2,Yes
DP03WINE_BREAK07,0,0,2,2,Yes
DP03WINE_BREAK08,0,0,2,2,Yes
DP04WINA,0,4,4,4,Yes
DP04WINA_BREAK01,0,0,2,2,Yes
DP04WINA_BREAK02,0,0,2,2,Yes
DP04WINA_BREAK03,0,0,2,2,Yes
DP04WINA_BREAK04,0,0,2,2,Yes
DP04WINA_BREAK05,0,0,2,2,Yes
DP04WINA_BREAK06,0,0,2,2,Yes
DP04WINA_BREAK07,0,0,2,2,Yes
DP04WINA_BREAK08,0,0,2,2,Yes
DP04WINB,0,4,4,4,Yes
DP04WINB_BREAK01,0,0,1,1,Yes
DP04WINB_BREAK02,0,0,1,1,Yes
DP04WINB_BREAK03,0,0,1,1,Yes
DP04WINB_BREAK04,0,0,1,1,Yes
DP04WINB_BREAK05,0,0,1,1,Yes
DP04WINB_BREAK06,0,0,1,1,Yes
DP04WINC,0,0,8,8,Yes
DP04WINC_BREAK01,0,0,2,2,Yes
DP04WINC_BREAK02,0,0,2,2,Yes
DP04WINC_BREAK03,0,0,2,2,Yes
DP04WINC_BREAK04,0,0,2,2,Yes
DP04WINC_BREAK05,0,0,2,2,Yes
DP04WINC_BREAK06,0,0,2,2,Yes
DP04WINC_BREAK07,0,0,2,2,Yes
DP04WINC_BREAK08,0,0,2,2,Yes
DP04WIND,0,4,4,4,Yes
DP04WIND_BREAK01,0,0,2,2,Yes
DP04WIND_BREAK02,0,0,2,2,Yes
DP04WIND_BREAK03,0,0,2,2,Yes
DP04WIND_BREAK04,0,0,2,2,Yes
DP04WIND_BREAK05,0,0,2,2,Yes
DP04WINE,0,4,4,4,Yes
DP04WINE_BREAK01,0,0,2,2,Yes
DP04WINE_BREAK02,0,0,2,2,Yes
DP04WINE_BREAK03,0,0,2,2,Yes
DP04WINE_BREAK04,0,0,2,2,Yes
DP04WINE_BREAK05,0,0,2,2,Yes
DP04WINE_BREAK06,0,0,2,2,Yes
DP04WINE_BREAK07,0,0,2,2,Yes
DP24WALLA,0,64,64,64,Yes
DP24WALLA_BREAKDP24WALLA01,0,16,16,16,Yes
DP24WALLA_BREAKDP24WALLA02,0,16,16,16,Yes
DP24WALLA_BREAKDP24WALLA03,0,16,16,16,Yes
DP24WALLA_BREAKDP24WALLA04,0,16,16,16,Yes
DP24WALLB,0,64,64,64,Yes
DP24WALLB_BREAKDP24WALLB01,0,16,16,16,Yes
DP24WALLB_BREAKDP24WALLB02,0,16,16,16,Yes
DP24WALLB_BREAKDP24WALLB03,0,16,16,16,Yes
DP24WALLB_BREAKDP24WALLB04,0,16,16,16,Yes
DP31WALLA,4,4,4,4,Yes
DP31WALLA_BREAK01,0,0,12,12,Yes
DP31WALLA_BREAK02,0,0,12,12,Yes
DP31WALLA_BREAK03,0,0,12,12,Yes
DP31WALLA_BREAK04,0,0,12,12,Yes
DP31WALLB,4,4,4,4,Yes
DP31WALLB_BREAK01,0,0,12,12,Yes
DP31WALLB_BREAK02,0,0,12,12,Yes
DP31WALLB_BREAK03,0,0,12,12,Yes
DP31WALLB_BREAK04,0,0,12,12,Yes
DP32WALL,4,4,4,4,Yes
DP32WALL_BREAK01,0,0,16,16,Yes
DP32WALL_BREAK02,0,0,16,16,Yes
DP32WALL_BREAK03,0,0,16,16,Yes
DP32WALL_BREAK04,0,0,16,16,Yes
DP42WALL,4,4,4,4,Yes
DP42WALL_BREAK01,0,0,16,16,Yes
DP42WALL_BREAK02,0,0,16,16,Yes
DP42WALL_BREAK03,0,0,16,16,Yes
DP42WALL_BREAK04,0,0,16,16,Yes
DP60CRANE,0,18,28,28,Yes
DP60WALLA,4,4,12,12,Yes
DP60WALLA_BREAK01,0,0,12,12,Yes
DP60WALLA_BREAK02,0,0,12,12,Yes
DP60WALLA_BREAK03,0,0,12,12,Yes
DP60WALLA_BREAK04,0,0,12,12,Yes
DP60WALLA_BREAK05,0,0,12,12,Yes
DP60WALLA_BREAK06,0,0,12,12,Yes
DP60WALLA_BREAK07,0,0,12,12,Yes
DP60WALLA_BREAK08,0,0,12,12,Yes
DP60WALLB,4,4,12,12,Yes
DP60WALLB_BREAK01,0,0,12,12,Yes
DP60WALLB_BREAK02,0,0,12,12,Yes
DP60WALLB_BREAK03,0,0,12,12,Yes
DP60WALLB_BREAK04,0,0,12,12,Yes
DP60WALLB_BREAK05,0,0,12,12,Yes
DP60WALLB_BREAK06,0,0,12,12,Yes
DP60WALLB_BREAK07,0,0,12,12,Yes
DP60WALLB_BREAK08,0,0,12,12,Yes
DP60WALLC,0,0,12,12,Yes
DP60WALLC_BREAK01,0,0,8,8,Yes
DP60WALLC_BREAK02,0,0,8,8,Yes
DP60WALLC_BREAK03,0,0,8,8,Yes
DP60WALLC_BREAK04,0,0,8,8,Yes
DP60WALLC_BREAK05,0,0,8,8,Yes
DP60WALLC_BREAK06,0,0,8,8,Yes
DP60WALLC_BREAK07,0,0,8,8,Yes
DP60WALLC_BREAK08,0,0,8,8,Yes
DP60WALLC_BREAK09,0,0,8,8,Yes
DP60WALLC_BREAK10,0,0,8,8,Yes
tpcrshcan,6,12,32,38,Yes
tpcrshcan_BREAKPART01,6,10,16,20,Yes
tpcrshcan_BREAKPART02,0,2,4,4,Yes
tpcrshcan_BREAKPART03,0,0,8,4,Yes
tpcrshcan_BREAKPART04,0,0,4,10,Yes
tpswrng,3,3,12,16,Yes
tpswrng_BREAKSIGN01,0,0,8,10,Yes
tpswrng_BREAKSIGN02,0,0,4,6,Yes
dpmalldoora,4,4,4,4,Yes
dpmalldoora_BREAK01,0,0,2,2,Yes
dpmalldoora_BREAK02,0,0,2,2,Yes
dpmalldoora_BREAK03,0,0,2,2,Yes
dpmalldoora_BREAK04,0,0,2,2,Yes
dpmalldoora_BREAK05,0,0,4,4,Yes
dpmalldoora_BREAK06,0,0,2,2,Yes
dpmalldoora_BREAK07,0,0,2,2,Yes
dpmalldoora_BREAK08,0,0,2,2,Yes
dpmalldoora_BREAK09,0,0,2,2,Yes
dpmalldoora_BREAK10,0,0,2,2,Yes
dpmalldoora_BREAK11,0,0,2,2,Yes
dpmalldoora_BREAK12,0,0,2,2,Yes
dpmalldoorb,4,4,4,4,Yes
dpmalldoorb_BREAK01,0,0,2,2,Yes
dpmalldoorb_BREAK02,0,0,4,4,Yes
dpmalldoorb_BREAK03,0,0,2,2,Yes
dpmalldoorb_BREAK04,0,0,4,4,Yes
dpmalldoorb_BREAK05,0,0,6,6,Yes
dpmalldoorb_BREAK06,0,0,2,2,Yes
dpmalldoorb_BREAK07,0,0,2,2,Yes
dpmalldoorb_BREAK08,0,0,4,4,Yes
dpmalldoorb_BREAK09,0,0,8,8,Yes
dpmalldoorb_BREAK10,0,0,2,2,Yes
dpmalldoorb_BREAK11,0,0,4,4,Yes
dpmalldoorb_BREAK12,0,0,2,2,Yes
dpmalldoorb_BREAK13,0,0,2,2,Yes
dpmalldoorb_BREAK14,0,0,4,4,Yes
dpmalldoorc,4,4,4,4,Yes
dpmalldoorc_BREAK01,0,0,2,2,Yes
dpmalldoorc_BREAK02,0,0,2,2,Yes
dpmalldoorc_BREAK03,0,0,2,2,Yes
dpmalldoorc_BREAK04,0,0,2,2,Yes
dpmalldoorc_BREAK05,0,0,4,4,Yes
dpmalldoorc_BREAK06,0,0,2,2,Yes
dpmalldoorc_BREAK07,0,0,2,2,Yes
dpmalldoorc_BREAK08,0,0,2,2,Yes
dpmalldoorc_BREAK09,0,0,2,2,Yes
dpmalldoorc_BREAK10,0,0,2,2,Yes
dpmalldoorc_BREAK11,0,0,2,2,Yes
dpmalldoorc_BREAK12,0,0,2,2,Yes
tpwrongway,4,8,12,24,Yes
tpwrongway_BREAKSIGN01,4,4,4,12,Yes
tpwrongway_BREAKSIGN02,0,2,4,6,Yes
tpwrongway_BREAKSIGN03,0,2,4,6,Yes
tpltst,6,8,22,33,Yes
tpltst_BREAK_PROPLIGHT01,4,4,6,8,Yes
tpltst_BREAK_PROPLIGHT02,2,4,16,25,Yes
tpltst_GLOW,0,4,4,4,No
tptcanc,2,8,12,22,Yes
tppmtr,4,8,8,18,Yes
tpphone,6,16,23,23,Yes
tpcboxm,2,8,12,12,Yes
tpmboxs,0,0,12,12,Yes
tpdmpstr,6,10,22,24,Yes
tpdmpstr_BREAKTPDMPSTR01,6,10,12,12,Yes
tpdmpstr_BREAKTPDMPSTR02,0,0,10,12,Yes
opstlite,8,20,32,46,Yes
opstlite_BREAK_OPSTLITE01,4,10,16,27,Yes
opstlite_BREAK_OPSTLITE02,4,10,16,19,Yes
opstlite_GLOW,2,2,2,2,No
tpcboxbreak,44,24,36,36,Yes
tpcboxbreak_BREAK_PART01,14,8,12,12,Yes
tpcboxbreak_BREAK_PART02,14,8,12,12,Yes
tpcboxbreak_BREAK_PART03,16,8,12,12,Yes
tpcallbox,10,16,26,28,Yes
tpcallbox_BREAK01,0,0,8,8,Yes
tpcallbox_BREAK02,0,0,12,12,Yes
tpcallbox_BREAK03,0,0,12,12,Yes
tp_tree10m,4,6,6,6,Yes
tpmail,2,6,44,52,Yes
tpbench,12,32,35,47,Yes
tpbench_BREAKBENCH01,6,16,17,23,Yes
tpbench_BREAKBENCH02,4,12,10,16,Yes
tpbench_BREAKBENCH03,2,4,8,8,Yes
opstlite_green,10,18,22,28,Yes
opstlite_blue,10,18,22,28,Yes
optbooth,4,2,32,24,Yes
tpsbus,4,6,16,20,Yes
tptree_sparce,4,6,6,6,Yes
opstlite_red,10,18,22,28,Yes
tp_tree15m,4,4,6,6,Yes
tpfirehy,0,12,46,48,Yes
tpnews01,2,8,14,16,Yes
tpnews04,2,8,14,16,Yes
tpnews03,2,8,14,16,Yes
tpnews02,2,8,14,16,Yes
tpcone,1,3,5,14,Yes
tptpole,4,8,20,40,Yes
tptpole_BREAKPART01,4,4,14,28,Yes
tptpole_BREAKPART02,0,4,6,12,Yes
tpsawhrslt,4,22,30,38,Yes
tpsawhrslt_BREAKSAWHRS01,4,4,4,4,Yes
tpsawhrslt_BREAKSAWHRS02,0,4,4,4,Yes
tpsawhrslt_BREAKSAWHRS03,0,14,22,30,Yes
tpsawhrslt_GLOW,0,0,0,4,No
tpbarrelblue,4,8,16,20,Yes
dp_left6,8,12,14,14,Yes
dp_left,8,10,14,14,Yes
cpgate,32,44,44,68,Yes
tp_trailer,2,16,64,120,Yes
tpbench_mall,22,29,35,35,Yes
tpbench_mall_BREAKBENCH01,11,14,17,17,Yes
tpbench_mall_BREAKBENCH02,7,7,10,10,Yes
tpbench_mall_BREAKBENCH03,4,8,8,8,Yes
tpboxalley,0,44,64,64,Yes
tpboxalley_BREAK_PART01,0,8,12,12,Yes
tpboxalley_BREAK_PART02,0,8,12,12,Yes
tpboxalley_BREAK_PART03,0,8,12,12,Yes
tpboxalley_BREAK_PART04,0,8,12,12,Yes
tpboxalley_BREAK_PART05,0,8,12,12,Yes
tpboxalley_BREAK_PART06,0,4,4,4,Yes
tpfw_sign_ct,10,16,24,28,Yes
tpfw_sign_dt,10,16,24,28,Yes
tpfw_sign_ls,10,16,24,28,Yes
tpfw_sign_ot,10,16,24,28,Yes
tpleft,4,6,16,20,Yes
tpleft_BREAKPART01,0,2,6,8,Yes
tpleft_BREAKPART02,4,4,10,12,Yes
tpplanter_mall,0,16,20,20,Yes
tpsailboat,2,2,2,2,Yes
tptrashalley02,4,56,88,92,Yes
tptrashalley02_BREAK_PART01,0,8,12,12,Yes
tptrashalley02_BREAK_PART02,0,8,12,12,Yes
tptrashalley02_BREAK_PART03,0,8,12,12,Yes
tptrashalley02_BREAK_PART04,0,8,12,12,Yes
tptrashalley02_BREAK_PART05,0,8,12,12,Yes
tptrashalley02_BREAK_PART06,0,8,12,12,Yes
tptrashalley02_BREAK_PART07,4,8,16,20,Yes
tpsone,4,6,16,20,Yes
tpsone_BREAKPART01,2,2,6,8,Yes
tpsone_BREAKPART02,2,4,10,12,Yes
tpsstop,3,5,16,16,Yes
tpsstop_BREAKSIGNBASE,0,0,6,6,Yes
tpsstop_BREAKSIGNTOP,0,4,10,10,Yes
tpsoneleft,6,6,16,20,Yes
tpsoneleft_BREAKPART01,2,2,6,8,Yes
tpsoneleft_BREAKPART02,4,4,10,12,Yes
tpsspd,4,6,12,20,Yes
tpsspd_BREAK_PROPSIGNBASE,0,0,0,8,Yes
tpsspd_BREAK_PROPSIGNTOP,0,0,0,12,Yes
tpsspd_BREAK_PROPSIGN,0,0,12,12,Yes
freewaywall02_FACADE,0,8,18,18,No
tunnel03_FACADE,6,14,14,14,No
tunnel01_FACADE,18,30,30,30,No
tunnel01_LEFT,0,0,0,2,No
tunnel01_RIGHT,0,0,0,2,No
tunnel01_TOP,2,2,2,2,No
tunnel04_FACADE,18,30,30,30,No
tunnel04_LEFT,0,0,0,2,No
tunnel04_RIGHT,0,0,0,2,No
tunnel04_TOP,2,2,2,2,No
dbmall_BLDG,2,22,56,58,No
dbmall_LEFT,0,0,0,2,No
dbmall_RIGHT,0,0,0,2,No
dbmall_TOP,2,2,2,2,No
cbanr_yel_FACADE,8,8,20,20,No
tfskyway_FACADE,4,16,26,30,No
dt19_left_FACADE,0,2,2,2,No
dt29_back_FACADE,0,8,18,18,No
dt29_back_GRND,0,2,5,5,No
dt02_right_FACADE,0,2,15,15,No
dt02_right_GRND,0,2,4,4,No
dt02_front_FACADE,0,2,24,24,No
dt02_front_GRND,0,2,6,6,No
dt02_roof_FACADE,0,10,59,59,No
dt02_left_FACADE,0,2,15,15,No
dt02_left_GRND,0,2,4,4,No
dt01_right_FACADE,0,2,4,4,No
dt01_right_GRND,0,2,2,2,No
dt01_front_FACADE,0,2,4,4,No
dt01_front_GRND,0,2,2,2,No
dt01_front_UPPER,0,16,32,52,No
dt10_left_FACADE,0,4,4,4,No
dt10_left_GRND,0,2,2,2,No
dt10_front_FACADE,0,4,4,4,No
dt10_front_GRND,0,2,2,2,No
dt10_front_UPPER,0,8,8,8,No
dt08_left_FACADE,0,4,4,4,No
dt08_left_GRND,0,2,2,2,No
dt41_front_FACADE,0,6,20,20,No
dt41_front_GRND,0,8,8,8,No
dt41_front_UPPER,0,16,16,16,No
dt41_roof_FACADE,0,4,4,4,No
dt41_right_FACADE,0,2,8,8,No
dt41_right_GRND,0,4,4,4,No
dt41_back_FACADE,0,6,20,20,No
dt41_back_GRND,0,8,8,8,No
dt07_back_FACADE,0,2,42,42,No
dt07_left_FACADE,0,2,2,68,No
dt08_back_FACADE,0,4,4,4,No
dt08_back_GRND,0,2,2,2,No
dt01_left_FACADE,0,2,4,4,No
dt01_left_GRND,0,16,24,24,No
dt05_right_FACADE,0,4,6,6,No
dt11_left_FACADE,0,4,18,18,No
dt11_left_GRND,0,2,2,2,No
dt11_back_FACADE,0,4,18,18,No
dt11_back_GRND,0,2,2,2,No
dt11_front_FACADE,0,4,18,18,No
dt11_front_GRND,0,2,2,2,No
dt11_front_UPPER,0,8,48,48,No
dt11_right_FACADE,0,4,18,18,No
dt11_right_GRND,0,2,2,2,No
dt40_back_FACADE,0,2,10,10,No
dt41_left_FACADE,0,2,9,9,No
dt41_left_GRND,0,4,4,4,No
dt07_right_FACADE,0,2,68,68,No
dt03_front_FACADE,0,2,14,14,No
dt03_front_GRND,0,2,2,2,No
dt03_front_UPPER,0,16,130,192,No
dt18_front_FACADE,0,6,20,34,No
dt18_front_GRND,0,0,0,2,No
dt18_front_UPPER,0,8,31,53,No
dt33a_left_FACADE,0,11,11,11,No
dt19_front_FACADE,0,2,2,2,No
dt19_front_GRND,0,2,26,26,No
dt19_front_UPPER,0,8,16,20,No
dt33a_front_FACADE,0,4,9,9,No
dt33a_front_GRND,0,1,1,1,No
dt33a_roof_FACADE,0,51,61,79,No
dt03_right_FACADE,0,2,14,14,No
dt03_right_GRND,0,2,2,2,No
dt05_back_FACADE,0,6,8,28,No
dt05_back_GRND,0,0,10,14,No
dt40_right_FACADE,0,2,10,10,No
dt15_front_FACADE,0,6,32,54,No
dt15_front_GRND,0,3,3,5,No
dt15_front_UPPER,0,24,24,24,No
dt15_roof_FACADE,0,10,14,14,No
dt14_front_FACADE,0,5,15,18,No
dt14_front_UPPER,0,30,70,82,No
dt40_front_FACADE,0,2,10,10,No
dt40_front_UPPER,0,8,16,40,No
dt40_roof_FACADE,0,2,2,2,No
dt15_right_FACADE,0,2,6,6,No
dt29_right_FACADE,0,3,5,5,No
dt54_right_FACADE,0,4,18,16,No
dt54_right_GRND,0,2,2,2,No
dt56_front_FACADE,0,12,22,18,No
dt56_front_GRND,0,2,2,2,No
dt56_front_UPPER,0,8,12,16,No
dt56_roof_FACADE,0,0,6,8,No
dt56_right_FACADE,0,4,12,16,No
dt56_right_GRND,0,0,1,2,No
dt19_right_FACADE,0,2,2,2,No
dt54_front_FACADE,0,20,160,168,No
dt54_front_GRND,0,6,6,6,No
dt54_roof_FACADE,0,6,26,26,No
dt40_left_FACADE,0,2,10,10,No
dt15_left_FACADE,0,2,6,6,No
dt12_right_FACADE,0,4,10,10,No
dt29_left_FACADE,0,2,4,4,No
dt19_back_FACADE,0,2,2,2,No
dt18_left_FACADE,0,3,5,5,No
dt56_left_FACADE,0,4,10,12,No
dt54_back_FACADE,0,4,30,34,No
dt54_back_GRND,0,0,4,4,No
dt54_left_FACADE,0,4,18,16,No
dt54_left_GRND,0,2,2,2,No
dt29_front_FACADE,0,4,12,12,No
dt29_front_UPPER,0,22,38,38,No
dt56_back_FACADE,0,4,16,18,No
dt18_right_FACADE,0,3,5,5,No
dt18_back_FACADE,0,10,12,12,No
dt14_left_FACADE,0,2,4,4,No
dt14_back_FACADE,0,5,15,18,No
dt12_left_FACADE,0,4,10,10,No
dt15_back_FACADE,0,6,14,16,No
dt12_back_FACADE,0,4,16,16,No
dt12_front_FACADE,0,4,16,16,No
dt12_roof_FACADE,0,2,10,34,No
dt05_front_FACADE,0,6,8,28,No
dt05_front_GRND,0,0,10,14,No
dt05_front_UPPER,0,20,34,112,No
dt05_roof_FACADE,0,2,2,2,No
dt05_left_FACADE,0,4,6,6,No
dt03_back_FACADE,0,2,14,14,No
dt03_back_GRND,0,2,2,2,No
dt07_front_FACADE,0,2,42,42,No
dt07_front_UPPER,0,8,18,24,No
dt07_roof_FACADE,0,2,2,2,No
dt10_right_FACADE,0,4,4,4,No
dt10_right_GRND,0,2,2,2,No
dt08_right_FACADE,0,4,4,4,No
dt08_right_GRND,0,2,85,115,No
dt08_front_FACADE,0,4,4,4,No
dt08_front_GRND,0,2,2,2,No
dt08_front_UPPER,0,8,8,8,No
dt10_back_FACADE,0,4,4,4,No
dt10_back_GRND,0,2,2,2,No
dt38_back_FACADE,0,17,69,55,No
dt38_back_GRND,0,4,18,36,No
dt38_left_FACADE,0,4,4,4,No
dt38_left_GRND,0,2,2,2,No
dt02_back_FACADE,0,2,4,4,No
dt02_back_GRND,0,2,2,2,No
dt01_back_FACADE,0,2,4,4,No
dt01_back_GRND,0,2,2,2,No
dt33a_right_FACADE,0,5,7,9,No
dt33d_front_FACADE,0,23,23,24,No
dt33d_front_GRND,0,13,13,13,No
dt33d_roof_FACADE,0,6,6,8,No
dt33d_right_FACADE,0,4,4,4,No
dt33d_back_FACADE,0,23,23,24,No
dt33d_back_GRND,0,13,13,13,No
dt33d_left_FACADE,0,4,4,4,No
dt33a_back_FACADE,0,4,11,11,No
dt33a_back_GRND,0,1,1,1,No
dt14_right_FACADE,0,4,4,6,No
dt38_front_FACADE,0,17,69,55,No
dt38_front_GRND,0,4,18,36,No
dt38_roof_FACADE,0,24,28,28,No
dt38_right_FACADE,0,4,4,4,No
dt38_right_GRND,0,2,2,2,No
dt03_left_FACADE,0,2,14,14,No
dt03_left_GRND,0,2,2,2,No
freewaywall02,0,8,18,18,No
cfalley03_FACADE,2,2,8,16,No
cfalley03_LEFT,0,0,0,2,No
cfalley03_RIGHT,0,0,0,2,No
cfalley03_TOP,2,2,2,2,No
t_rail01_FACADE,0,4,4,6,No
rfbldg01_FACADE,4,4,20,24,No
rfbldg01_LEFT,0,0,0,2,No
rfbldg01_RIGHT,0,0,0,2,No
rfbldg01_TOP,2,2,2,2,No
tfbldg03_FACADE,2,4,10,10,No
tfbldg03_LEFT,0,0,0,2,No
tfbldg03_RIGHT,0,0,0,4,No
tfbldg03_TOP,2,2,2,2,No
ifhotel_FACADE,2,2,16,16,No
ifhotel_LEFT,0,0,0,2,No
ifhotel_RIGHT,0,0,0,2,No
ifhotel_TOP,2,2,2,2,No
tfapt05_FACADE,2,4,8,8,No
tfapt05_LEFT,0,0,0,2,No
tfapt05_RIGHT,0,0,0,2,No
tfapt05_TOP,2,2,2,2,No
cfrestnt01_FACADE,2,2,22,58,No
cfrestnt01_LEFT,0,0,0,2,No
cfrestnt01_RIGHT,0,0,0,2,No
cfrestnt01_TOP,2,2,2,2,No
cfshop10_FACADE,2,4,27,49,No
cfshop10_LEFT,0,0,0,2,No
cfshop10_RIGHT,0,0,0,2,No
cfshop10_TOP,2,2,2,2,No
cfshop10_BACK,0,0,0,2,No
ifwhse01_FACADE,10,28,92,60,No
ifwhse01_LEFT,0,0,0,2,No
ifwhse01_RIGHT,0,0,0,2,No
ifwhse01_TOP,2,2,2,2,No
ibfact01_BLDG,2,10,32,38,No
ibfact01_LEFT,0,0,0,2,No
ibfact01_RIGHT,0,0,0,2,No
ibfact01_GRND,0,2,2,4,No
ibfact01_TOP,2,6,6,6,No
ifbldg04_FACADE,2,10,13,19,No
ifbldg04_LEFT,0,0,0,2,No
ifbldg04_RIGHT,0,0,0,2,No
ifbldg04_TOP,2,2,2,2,No
rfbldg13_FACADE,2,2,2,2,No
rfbldg13_LEFT,0,0,0,2,No
rfbldg13_RIGHT,0,0,0,2,No
rfbldg13_TOP,2,2,2,2,No
ofhome11_FACADE,2,8,14,14,No
ofhome11_LEFT,0,0,0,2,No
ofhome11_RIGHT,0,0,0,2,No
ofhome11_TOP,2,2,2,2,No
dfbldg03_FACADE,2,2,4,18,No
dfbldg03_LEFT,0,0,0,2,No
dfbldg03_RIGHT,0,0,0,2,No
dfbldg03_TOP,2,2,2,2,No
dfbldg03_BACK,0,0,0,2,No
rfbldg08_FACADE,2,2,22,38,No
rfbldg08_LEFT,0,0,0,2,No
rfbldg08_RIGHT,0,0,0,2,No
rfbldg08_TOP,2,2,2,6,No
hfwall01_FACADE,2,2,20,20,No
hfwall01_LEFT,0,0,0,2,No
hfwall01_RIGHT,0,0,0,2,No
hfwall01_TOP,2,2,2,2,No
rfbldg14_FACADE,2,6,20,20,No
rfbldg14_LEFT,0,0,0,2,No
rfbldg14_RIGHT,0,0,0,2,No
rfbldg14_TOP,2,2,2,2,No
dfbldg06_FACADE,2,2,4,4,No
dfbldg06_LEFT,0,0,0,2,No
dfbldg06_RIGHT,0,0,0,2,No
dfbldg06_TOP,2,2,2,2,No
cfbldg01_FACADE,2,9,9,9,No
cfbldg01_LEFT,0,0,0,2,No
cfbldg01_RIGHT,0,0,0,2,No
cfbldg01_TOP,2,2,2,2,No
dfproduce_FACADE,2,6,18,26,No
dfproduce_LEFT,0,0,0,2,No
dfproduce_RIGHT,0,0,0,2,No
dfproduce_TOP,2,2,2,2,No
tfapt01_FACADE,2,4,10,12,No
tfapt01_LEFT,0,0,0,2,No
tfapt01_RIGHT,0,0,0,2,No
tfapt01_TOP,2,2,2,2,No
ramp01,0,8,18,18,No
dfhotel03_FACADE,2,2,9,9,No
dfhotel03_LEFT,0,0,0,2,No
dfhotel03_RIGHT,0,0,0,2,No
dfhotel03_TOP,2,2,2,2,No
dfbldg07_FACADE,10,10,4,4,No
dfbldg07_LEFT,0,0,0,2,No
dfbldg07_RIGHT,0,0,0,2,No
dfbldg07_TOP,2,2,2,2,No
tfdeptstr01_FACADE,2,6,26,40,No
tfdeptstr01_LEFT,0,0,0,2,No
tfdeptstr01_RIGHT,0,0,0,2,No
tfdeptstr01_TOP,2,4,4,4,No
tunnel02_FACADE,2,5,5,5,No
tfclub_FACADE,2,4,12,18,No
tfclub_LEFT,0,0,0,2,No
tfclub_RIGHT,0,0,0,2,No
tfclub_TOP,2,2,2,2,No
cfalley01_FACADE,2,2,7,7,No
cfalley01_LEFT,0,0,0,2,No
cfalley01_RIGHT,0,0,0,2,No
cfalley01_TOP,2,2,2,2,No
cfalley02_FACADE,2,2,12,12,No
cfalley02_LEFT,0,0,0,2,No
cfalley02_RIGHT,0,0,0,2,No
cfalley02_TOP,2,2,2,2,No
tfcdshop_FACADE,2,4,28,34,No
tfcdshop_LEFT,0,0,0,2,No
tfcdshop_RIGHT,0,0,0,2,No
tfcdshop_TOP,2,2,6,6,No
tfwall01_FACADE,0,2,2,2,No
tfwall01_LEFT,0,0,0,2,No
tfwall01_RIGHT,0,0,0,2,No
tfwall01_TOP,0,2,2,2,No
ofbldg01_FACADE,2,6,17,21,No
ofbldg01_LEFT,0,0,0,2,No
ofbldg01_RIGHT,0,0,0,2,No
ofbldg01_TOP,2,2,2,2,No
tfapt07_FACADE,2,4,16,20,No
tfapt07_LEFT,0,0,0,2,No
tfapt07_RIGHT,0,0,0,2,No
tfapt07_TOP,2,2,2,6,No
tfdrug_FACADE,2,7,28,45,No
tfdrug_LEFT,0,0,0,2,No
tfdrug_RIGHT,0,0,0,2,No
tfdrug_TOP,2,4,6,6,No
tfapt06_FACADE,4,8,18,21,No
tfapt06_LEFT,0,0,0,2,No
tfapt06_RIGHT,0,0,0,2,No
tfapt06_TOP,2,2,8,8,No
tfsmrkt_FACADE,2,4,10,10,No
tfsmrkt_LEFT,0,0,0,2,No
tfsmrkt_RIGHT,0,0,0,4,No
tfsmrkt_TOP,2,2,2,2,No
cfshop02_FACADE,2,4,22,30,No
cfshop02_LEFT,0,0,0,2,No
cfshop02_RIGHT,0,0,0,2,No
cfshop02_TOP,2,2,2,2,No
cfshop07_FACADE,0,4,14,22,No
cfshop07_LEFT,0,0,0,2,No
cfshop07_RIGHT,0,0,0,2,No
cfshop07_TOP,0,2,2,2,No
cfshop06_FACADE,2,8,18,22,No
cfshop06_LEFT,0,0,0,2,No
cfshop06_RIGHT,0,0,0,2,No
cfshop06_TOP,2,2,2,2,No
cfshop09_FACADE,8,8,32,36,No
cfshop09_LEFT,0,0,0,2,No
cfshop09_RIGHT,0,0,0,2,No
cfshop09_TOP,2,2,2,4,No
cfmotel_FACADE,2,4,16,16,No
cfmotel_LEFT,0,0,0,2,No
cfmotel_RIGHT,0,0,0,2,No
cfmotel_TOP,2,2,2,2,No
cfshop05_FACADE,2,4,26,58,No
cfshop05_LEFT,0,0,0,2,No
cfshop05_RIGHT,0,0,0,2,No
cfshop05_TOP,2,2,2,2,No
cfshop01_FACADE,2,6,22,32,No
cfshop01_LEFT,0,0,0,2,No
cfshop01_RIGHT,0,0,0,2,No
cfshop01_TOP,2,2,6,6,No
cffoods_FACADE,2,4,14,20,No
cffoods_LEFT,0,0,0,2,No
cffoods_RIGHT,0,0,0,2,No
cffoods_TOP,2,2,2,2,No
cfrestnt02_FACADE,2,2,26,47,No
cfrestnt02_LEFT,0,0,0,2,No
cfrestnt02_RIGHT,0,0,0,4,No
cfrestnt02_TOP,2,2,2,2,No
cfliquor_FACADE,2,4,22,26,No
cfliquor_LEFT,0,0,0,2,No
cfliquor_RIGHT,0,0,0,2,No
cfliquor_TOP,2,2,2,2,No
ofbldg03_FACADE,2,2,18,22,No
ofbldg03_LEFT,0,0,0,2,No
ofbldg03_RIGHT,0,0,0,2,No
ofbldg03_TOP,2,2,2,2,No
ofbldg03_BACK,0,0,0,2,No
freewaywall04,0,8,18,18,No
ofhome01_FACADE,2,2,9,18,No
ofhome01_LEFT,0,0,0,2,No
ofhome01_RIGHT,0,0,0,2,No
ofhome01_TOP,2,2,2,2,No
ofapt_FACADE,2,6,28,31,No
ofapt_LEFT,0,0,0,2,No
ofapt_RIGHT,0,0,0,2,No
ofapt_TOP,2,2,2,2,No
ofbrstn08_FACADE,4,12,26,30,No
ofbrstn08_LEFT,0,0,0,2,No
ofbrstn08_RIGHT,0,0,0,2,No
ofbrstn08_TOP,2,2,2,2,No
ofbldg02_FACADE,2,2,7,7,No
ofbldg02_LEFT,0,0,0,2,No
ofbldg02_RIGHT,0,0,0,2,No
ofbldg02_TOP,2,2,2,2,No
ofbldg02_BACK,0,0,0,2,No
ofbrstn06_FACADE,2,4,24,26,No
ofbrstn06_LEFT,0,0,0,2,No
ofbrstn06_RIGHT,0,0,0,2,No
ofbrstn06_TOP,2,2,2,2,No
hfbldg04_FACADE,2,2,4,4,No
hfbldg04_LEFT,0,0,0,2,No
hfbldg04_RIGHT,0,0,0,2,No
hfbldg04_TOP,2,2,2,2,No
hfinn_FACADE,2,4,29,36,No
hfinn_LEFT,0,0,0,2,No
hfinn_RIGHT,0,0,0,2,No
hfinn_TOP,2,2,2,6,No
hfoffice02_FACADE,2,2,20,20,No
hfoffice02_LEFT,0,0,0,2,No
hfoffice02_RIGHT,0,0,0,2,No
hfoffice02_TOP,2,2,2,2,No
hfoffice02_BACK,0,0,0,2,No
hfbldg01_FACADE,2,2,10,10,No
hfbldg01_LEFT,0,0,0,2,No
hfbldg01_RIGHT,0,0,0,2,No
hfbldg01_TOP,2,2,2,2,No
hfalley02_FACADE,2,2,23,23,No
hfalley02_LEFT,0,0,0,2,No
hfalley02_RIGHT,0,0,0,2,No
hfalley02_TOP,2,2,2,2,No
hfoffice01_FACADE,6,8,37,42,No
hfoffice01_LEFT,0,0,0,2,No
hfoffice01_RIGHT,0,0,0,2,No
hfoffice01_TOP,2,2,4,4,No
hfoffice01_BACK,0,0,0,2,No
hfshop03_FACADE,2,2,6,6,No
hfshop03_LEFT,0,0,0,2,No
hfshop03_RIGHT,0,0,0,2,No
hfshop03_TOP,2,2,2,2,No
hfshop03_BACK,0,0,0,2,No
ofshop06_FACADE,2,4,6,6,No
ofshop06_LEFT,0,0,0,2,No
ofshop06_RIGHT,0,0,0,2,No
ofshop06_TOP,2,2,2,2,No
rfbldg11_FACADE,2,2,4,4,No
rfbldg11_LEFT,0,0,0,2,No
rfbldg11_RIGHT,0,0,0,2,No
rfbldg11_TOP,2,2,2,2,No
rfbldg11_BACK,0,0,0,2,No
ofshop05_BLDG,2,6,18,28,No
ofshop05_LEFT,0,0,0,4,No
ofshop05_RIGHT,0,0,0,2,No
ofshop05_GRND,0,0,0,2,No
ofshop05_TOP,2,2,2,2,No
ofbrstn02_FACADE,2,10,12,12,No
ofbrstn02_LEFT,0,0,0,2,No
ofbrstn02_RIGHT,0,0,0,2,No
ofbrstn02_TOP,2,2,2,2,No
tfbldg07_FACADE,2,4,12,12,No
tfbldg07_LEFT,0,0,0,2,No
tfbldg07_RIGHT,0,0,0,2,No
tfbldg07_TOP,2,2,2,2,No
tfoff02_FACADE,2,10,25,32,No
tfoff02_LEFT,0,0,0,4,No
tfoff02_RIGHT,0,0,0,2,No
tfoff02_TOP,2,6,7,8,No
rfbldg03_FACADE,2,2,12,16,No
rfbldg03_LEFT,0,0,0,2,No
rfbldg03_RIGHT,0,0,0,2,No
rfbldg03_TOP,2,2,2,2,No
rfbldg03_BACK,0,0,0,2,No
tfbldg01_FACADE,2,6,12,14,No
tfbldg01_LEFT,0,0,0,2,No
tfbldg01_RIGHT,0,0,0,2,No
tfbldg01_TOP,2,2,2,2,No
tfoff03_FACADE,2,4,24,24,No
tfoff03_LEFT,0,0,0,2,No
tfoff03_RIGHT,0,0,0,2,No
tfoff03_TOP,2,2,2,2,No
tfapt03_FACADE,2,6,13,13,No
tfapt03_LEFT,0,0,0,2,No
tfapt03_RIGHT,0,0,0,2,No
tfapt03_TOP,2,2,2,2,No
tfoff01_FACADE,2,6,24,24,No
tfoff01_LEFT,0,0,0,2,No
tfoff01_RIGHT,0,0,0,2,No
tfoff01_TOP,2,2,6,6,No
tfsmrkt02_BLDG,2,8,23,23,No
tfsmrkt02_LEFT,0,0,0,2,No
tfsmrkt02_RIGHT,0,0,0,2,No
tfsmrkt02_TOP,2,2,2,2,No
cfshop03_FACADE,2,2,14,14,No
cfshop03_LEFT,0,0,0,2,No
cfshop03_RIGHT,0,0,0,2,No
cfshop03_TOP,2,2,2,2,No
cfshop04_FACADE,2,4,26,58,No
cfshop04_LEFT,0,0,0,2,No
cfshop04_RIGHT,0,0,0,2,No
cfshop04_TOP,2,2,2,2,No
cfbldg03_FACADE,2,4,14,18,No
cfbldg03_LEFT,0,0,0,2,No
cfbldg03_RIGHT,0,0,0,2,No
cfbldg03_TOP,2,2,2,2,No
cfbldg02_FACADE,2,2,7,9,No
cfbldg02_LEFT,0,0,0,2,No
cfbldg02_RIGHT,0,0,0,2,No
cfbldg02_TOP,2,2,2,2,No
cfshop08_FACADE,2,4,26,42,No
cfshop08_LEFT,0,0,0,2,No
cfshop08_RIGHT,0,0,0,2,No
cfshop08_TOP,2,2,4,4,No
tfbldg06_FACADE,2,2,2,2,No
tfbldg06_LEFT,0,0,0,2,No
tfbldg06_RIGHT,0,0,0,2,No
tfbldg06_TOP,2,2,2,2,No
tfoff04_FACADE,2,6,22,24,No
tfoff04_LEFT,0,0,0,2,No
tfoff04_RIGHT,0,0,0,2,No
tfoff04_TOP,2,4,6,6,No
tfbldg02_FACADE,2,6,12,12,No
tfbldg02_LEFT,0,0,0,2,No
tfbldg02_RIGHT,0,0,0,2,No
tfbldg02_TOP,2,2,2,2,No
tfbldg05_FACADE,2,2,14,14,No
tfbldg05_LEFT,0,0,0,2,No
tfbldg05_RIGHT,0,0,0,2,No
tfbldg05_TOP,2,2,2,2,No
tfbldg05_BACK,0,0,0,2,No
tfbldg04_FACADE,2,4,18,22,No
tfbldg04_LEFT,0,0,0,2,No
tfbldg04_RIGHT,0,0,0,2,No
tfbldg04_TOP,2,2,2,2,No
tfbldg04_BACK,0,0,0,2,No
dfhotel01_FACADE,2,4,10,16,No
dfhotel01_LEFT,0,0,0,2,No
dfhotel01_RIGHT,0,0,0,2,No
dfhotel01_TOP,2,2,2,2,No
dfhotel01_BACK,0,0,0,2,No
ifwhse03_FACADE,2,4,16,28,No
ifwhse03_LEFT,0,0,0,2,No
ifwhse03_RIGHT,0,0,0,2,No
ifwhse03_TOP,2,2,2,2,No
iffact01_FACADE,4,4,26,34,No
iffact01_LEFT,0,0,0,2,No
iffact01_RIGHT,0,0,0,2,No
ifdiner02_FACADE,2,4,4,22,No
ifdiner02_LEFT,0,0,0,2,No
ifdiner02_RIGHT,0,0,0,2,No
ifdiner02_TOP,2,2,2,4,No
ifbldg05_FACADE,2,10,12,15,No
ifbldg05_LEFT,0,0,0,2,No
ifbldg05_RIGHT,0,0,0,2,No
ifbldg05_TOP,2,2,2,2,No
ibfact02_BLDG,2,8,26,34,No
ibfact02_LEFT,0,0,0,2,No
ibfact02_RIGHT,0,0,0,2,No
ibfact02_TOP,2,4,6,10,No
ifdiner_FACADE,2,4,22,33,No
ifdiner_LEFT,0,0,0,2,No
ifdiner_RIGHT,0,0,0,2,No
ifdiner_TOP,2,2,2,2,No
ifbldg02_FACADE,2,4,4,4,No
ifbldg02_LEFT,0,0,0,2,No
ifbldg02_RIGHT,0,0,0,2,No
ifbldg02_TOP,2,2,2,2,No
ifwhse02_FACADE,2,7,21,53,No
ifwhse02_LEFT,0,0,0,2,No
ifwhse02_RIGHT,0,0,0,2,No
ifwhse02_TOP,2,4,4,4,No
ibfact04_FACADE,7,25,25,25,No
ibfact04_LEFT,0,0,0,2,No
ibfact04_RIGHT,0,0,0,2,No
ibfact04_TOP,4,4,4,4,No
ifbldg01_FACADE,2,4,20,28,No
ifbldg01_LEFT,0,0,0,2,No
ifbldg01_RIGHT,0,0,0,2,No
ifbldg01_TOP,2,2,2,2,No
ibfact03_BLDG,2,29,63,66,No
ibfact03_LEFT,0,0,0,2,No
ibfact03_RIGHT,0,0,0,2,No
ibfact03_GRND,0,0,16,16,No
ibfact03_TOP,2,6,9,9,No
ibfact03_BACK,0,0,0,2,No
ifbar_FACADE,2,4,10,18,No
ifbar_LEFT,0,0,0,2,No
ifbar_RIGHT,0,0,0,2,No
ifbar_TOP,2,2,2,2,No
ifbldg06_FACADE,2,2,2,4,No
ifbldg06_LEFT,0,0,0,2,No
ifbldg06_RIGHT,0,0,0,2,No
ifbldg06_TOP,2,2,2,2,No
ifbldg06_BACK,0,0,0,2,No
ifwall01_FACADE,2,2,2,2,No
ifwall01_LEFT,0,0,0,2,No
ifwall01_RIGHT,0,0,0,2,No
ifwall01_TOP,2,2,2,2,No
ifbldg03_FACADE,2,6,22,46,No
ifbldg03_LEFT,0,0,0,2,No
ifbldg03_RIGHT,0,0,0,2,No
ifbldg03_TOP,2,2,2,2,No
rfbldg12_FACADE,2,6,10,16,No
rfbldg12_LEFT,0,0,0,2,No
rfbldg12_RIGHT,0,0,0,2,No
rfbldg12_TOP,2,2,2,4,No
rfbldg16_FACADE,2,2,2,2,No
rfbldg16_LEFT,0,0,0,2,No
rfbldg16_RIGHT,0,0,0,2,No
rfbldg16_TOP,2,2,2,2,No
rfbldg10_FACADE,2,2,2,2,No
rfbldg10_LEFT,0,0,0,2,No
rfbldg10_RIGHT,0,0,0,2,No
rfbldg10_TOP,2,2,2,2,No
rfbldg02_FACADE,2,2,4,4,No
rfbldg02_LEFT,0,0,0,2,No
rfbldg02_RIGHT,0,0,0,2,No
rfbldg02_TOP,2,2,2,2,No
rfbldg02_BACK,0,0,0,2,No
rfbldg05_FACADE,2,2,2,2,No
rfbldg05_LEFT,0,0,0,2,No
rfbldg05_RIGHT,0,0,0,2,No
rfbldg05_TOP,2,2,2,2,No
rfbldg05_BACK,0,0,0,2,No
dfskys04_FACADE,2,4,34,44,No
dfskys04_LEFT,0,0,0,2,No
dfskys04_RIGHT,0,0,0,2,No
dfskys04_TOP,2,2,2,2,No
dfskys04_BACK,0,0,0,2,No
dfskys03_FACADE,2,2,8,8,No
dfskys03_LEFT,0,0,0,2,No
dfskys03_RIGHT,0,0,0,2,No
dfskys03_TOP,2,2,2,2,No
dfskys01_FACADE,2,2,6,6,No
dfskys01_LEFT,0,0,0,2,No
dfskys01_RIGHT,0,0,0,2,No
dfskys01_TOP,2,2,2,2,No
dfbldg05_FACADE,2,2,18,28,No
dfbldg05_LEFT,0,0,0,2,No
dfbldg05_RIGHT,0,0,0,2,No
dfbldg05_TOP,2,2,2,2,No
dfbldg01_FACADE,2,2,6,6,No
dfbldg01_LEFT,0,0,0,2,No
dfbldg01_RIGHT,0,0,0,2,No
dfbldg01_TOP,2,2,2,2,No
dfsuitstore_FACADE,2,4,24,36,No
dfsuitstore_LEFT,0,0,0,2,No
dfsuitstore_RIGHT,0,0,0,2,No
dfsuitstore_TOP,2,2,2,2,No
dfbldg02_FACADE,2,2,14,18,No
dfbldg02_LEFT,0,0,0,2,No
dfbldg02_RIGHT,0,0,0,2,No
dfbldg02_TOP,2,2,2,2,No
dfskys02_FACADE,2,10,22,36,No
dfskys02_LEFT,0,0,0,2,No
dfskys02_RIGHT,0,0,0,2,No
dfskys02_TOP,2,2,6,12,No
dfhotel02_FACADE,2,6,24,38,No
dfhotel02_LEFT,0,0,0,2,No
dfhotel02_RIGHT,0,0,0,2,No
dfhotel02_TOP,2,2,4,4,No
dfbldg08_FACADE,2,2,14,14,No
dfbldg08_LEFT,0,0,0,2,No
dfbldg08_RIGHT,0,0,0,2,No
dfbldg08_TOP,2,2,2,2,No
dfbldg04_FACADE,2,2,18,18,No
dfbldg04_LEFT,0,0,0,2,No
dfbldg04_RIGHT,0,0,0,2,No
dfbldg04_TOP,2,2,2,2,No
rfbldg07_FACADE,2,2,4,4,No
rfbldg07_LEFT,0,0,0,2,No
rfbldg07_RIGHT,0,0,0,2,No
rfbldg07_TOP,2,2,2,2,No
rfbldg07_BACK,0,0,0,2,No
rfbldg06_FACADE,2,2,16,38,No
rfbldg06_LEFT,0,0,0,2,No
rfbldg06_RIGHT,0,0,0,2,No
rfbldg06_TOP,2,2,2,2,No
rfbldg06_BACK,0,0,0,2,No
rfbldg04_FACADE,2,4,26,30,No
rfbldg04_LEFT,0,0,0,2,No
rfbldg04_RIGHT,0,0,0,2,No
rfbldg04_TOP,2,2,2,2,No
rfbldg04_BACK,0,0,0,2,No
rfbldg09_FACADE,2,2,2,2,No
rfbldg09_LEFT,0,0,0,2,No
rfbldg09_RIGHT,0,0,0,2,No
rfbldg09_TOP,2,2,2,2,No
dfmall01_FACADE,4,10,12,12,No
dfmall02_FACADE,6,10,12,12,No
dfmall03_FACADE,4,10,12,12,No
ofhome10_FACADE,2,2,18,28,No
ofhome10_LEFT,0,0,0,2,No
ofhome10_RIGHT,0,0,0,2,No
ofhome10_TOP,2,2,2,2,No
ofhome05_BLDG,4,4,28,44,No
ofhome05_LEFT,0,0,0,2,No
ofhome05_RIGHT,0,0,0,2,No
ofhome05_TOP,4,4,8,8,No
ofhome02_FACADE,2,4,14,20,No
ofhome02_LEFT,0,0,0,2,No
ofhome02_RIGHT,0,0,0,2,No
ofhome02_TOP,2,2,2,2,No
ofsodashop_FACADE,2,2,27,31,No
ofsodashop_LEFT,0,0,0,2,No
ofsodashop_RIGHT,0,0,0,2,No
ofsodashop_TOP,2,2,2,2,No
ofbrstn05_FACADE,2,4,10,20,No
ofbrstn05_LEFT,0,0,0,2,No
ofbrstn05_RIGHT,0,0,0,2,No
ofbrstn05_TOP,2,2,2,2,No
ofhome06_BLDG,2,4,18,21,No
ofhome06_LEFT,0,0,0,2,No
ofhome06_RIGHT,0,0,0,2,No
ofhome06_TOP,3,3,4,5,No
ofshop07_FACADE,2,4,12,12,No
ofshop07_LEFT,0,0,0,2,No
ofshop07_RIGHT,0,0,0,2,No
ofshop07_TOP,2,2,2,2,No
ofshop07_BACK,0,0,0,2,No
obbldg10_BLDG,4,34,34,34,No
obbldg10_LEFT,0,0,0,2,No
obbldg10_RIGHT,0,0,0,2,No
obbldg10_GRND,0,5,5,5,No
obbldg10_TOP,4,5,5,5,No
ofbrstn01_FACADE,2,4,32,40,No
ofbrstn01_LEFT,0,0,0,2,No
ofbrstn01_RIGHT,0,0,0,2,No
ofbrstn01_TOP,2,2,4,2,No
ofhome03_FACADE,2,2,7,18,No
ofhome03_LEFT,0,0,0,2,No
ofhome03_RIGHT,0,0,0,2,No
ofhome03_TOP,2,2,2,2,No
ofhome07_BLDG,2,2,28,40,No
ofhome07_LEFT,0,0,0,2,No
ofhome07_RIGHT,0,0,0,2,No
ofhome07_GRND,0,0,6,6,No
ofhome07_TOP,2,2,6,8,No
obbldg11_BLDG,2,8,28,28,No
obbldg11_LEFT,0,0,0,2,No
obbldg11_RIGHT,0,0,0,2,No
obbldg11_GRND,0,4,6,6,No
obbldg11_TOP,2,2,5,5,No
ofshop02_FACADE,2,4,20,30,No
ofshop02_LEFT,0,0,0,2,No
ofshop02_RIGHT,0,0,0,2,No
ofshop02_TOP,2,2,2,2,No
ofbrstn04_FACADE,2,13,27,27,No
ofbrstn04_LEFT,0,0,0,2,No
ofbrstn04_RIGHT,0,0,0,2,No
ofbrstn04_TOP,2,2,2,2,No
hfcondo01_FACADE,2,6,18,36,No
hfcondo01_LEFT,0,0,0,2,No
hfcondo01_RIGHT,0,0,0,2,No
hfcondo01_TOP,2,2,2,6,No
hfwhse04_FACADE,2,4,24,32,No
hfwhse04_LEFT,0,0,0,2,No
hfwhse04_RIGHT,0,0,0,2,No
hfwhse04_TOP,2,2,2,2,No
hfshop04_FACADE,2,4,20,26,No
hfshop04_LEFT,0,0,0,2,No
hfshop04_RIGHT,0,0,0,2,No
hfshop04_TOP,2,2,2,2,No
hfalley01_FACADE,2,2,15,15,No
hfalley01_LEFT,0,0,0,2,No
hfalley01_RIGHT,0,0,0,2,No
hfalley01_TOP,2,2,2,2,No
ofbrstn03_FACADE,2,4,20,40,No
ofbrstn03_LEFT,0,0,0,2,No
ofbrstn03_RIGHT,0,0,0,2,No
ofbrstn03_TOP,2,2,2,6,No
ofshop03_FACADE,2,4,13,19,No
ofshop03_LEFT,0,0,0,2,No
ofshop03_RIGHT,0,0,0,2,No
ofshop03_TOP,2,2,2,2,No
ofshop04_FACADE,2,4,19,31,No
ofshop04_LEFT,0,0,0,2,No
ofshop04_RIGHT,0,0,0,2,No
ofshop04_TOP,2,2,2,2,No
hfbldg02_FACADE,2,2,10,10,No
hfbldg02_LEFT,0,0,0,2,No
hfbldg02_RIGHT,0,0,0,2,No
hfbldg02_TOP,2,2,2,2,No
obtheater_FACADE,2,8,8,8,No
obtheater_LEFT,0,0,0,2,No
obtheater_RIGHT,0,0,0,2,No
obtheater_TOP,2,2,2,6,No
ofshop01_FACADE,2,4,16,16,No
ofshop01_LEFT,0,0,0,2,No
ofshop01_RIGHT,0,0,0,2,No
ofshop01_TOP,2,2,2,2,No
hfshop02_FACADE,2,6,27,41,No
hfshop02_LEFT,0,0,0,2,No
hfshop02_RIGHT,0,0,0,2,No
hfshop02_TOP,2,2,3,5,No
hfdeli_FACADE,2,0,34,36,No
hfdeli_LEFT,0,0,0,2,No
hfdeli_RIGHT,0,0,0,2,No
hfdeli_TOP,2,2,2,2,No
rfbldg17_FACADE,2,8,74,74,No
rfbldg17_LEFT,0,0,0,2,No
rfbldg17_RIGHT,0,0,0,2,No
rfbldg17_TOP,2,2,10,10,No
hfshop01_FACADE,2,6,34,38,No
hfshop01_LEFT,0,0,0,2,No
hfshop01_RIGHT,0,0,0,2,No
hfshop01_TOP,2,2,2,8,No
hfwhse01_FACADE,2,2,13,27,No
hfwhse01_LEFT,0,0,0,2,No
hfwhse01_RIGHT,0,0,0,2,No
hfwhse01_TOP,2,2,2,6,No
hbwhse02_BLDG,2,2,28,42,No
hbwhse02_LEFT,0,0,0,2,No
hbwhse02_RIGHT,0,0,0,2,No
hbwhse02_GRND,0,0,5,9,No
hbwhse02_TOP,2,2,3,3,No
rfbldg18_FACADE,2,8,28,28,No
rfbldg18_LEFT,0,0,0,2,No
rfbldg18_RIGHT,0,0,0,2,No
rfbldg18_TOP,2,2,6,6,No
ramp01_FACADE,0,8,18,18,No
bluelight,2,4,4,4,No
vppanozgt_BODY,0,95,337,412,Yes
vppanozgt_SHADOW,0,0,4,4,No
vppanozgt_HLIGHT,0,4,28,28,No
vppanozgt_TLIGHT,0,0,0,4,No
vppanozgt_WHL0,0,4,16,24,Yes
vppanozgt_WHL1,0,4,16,24,No
vppanozgt_WHL2,0,4,16,24,No
vppanozgt_WHL3,0,4,16,24,No
vppanozgt_RLIGHT,0,0,0,4,No
skid,0,0,0,2,No
shard,0,1,1,1,No
vpsemi_trailer_TRAILER,8,56,152,196,Yes
vpsemi_trailer_TWHL0,0,2,16,20,Yes
vpsemi_trailer_TWHL1,0,2,16,20,Yes
vpsemi_trailer_TWHL2,0,4,16,20,Yes
vpsemi_trailer_TWHL3,0,4,16,20,Yes
vpsemi_trailer_SHADOW,0,0,4,4,No
vpsemi_trailer_TLIGHT,0,0,0,4,No
tplttrafc,8,14,38,48,Yes
tplttrafc_BREAK01,4,4,18,20,Yes
tplttrafc_BREAK02,4,10,20,28,Yes
tplttrafc_GLOWREDDAY,0,0,0,4,Yes
tplttrafc_GLOWYELLOWDAY,0,0,0,4,Yes
tplttrafc_GLOWGREENDAY,0,0,0,4,Yes
tplttrafc_GLOWREDNIGHT,0,0,0,4,Yes
tplttrafc_GLOWYELLOWNIGHT,0,0,0,4,Yes
tplttrafc_GLOWGREENNIGHT,0,0,0,4,Yes
tplttrafcdual,12,20,52,62,Yes
tplttrafcdual_BREAK01,4,4,18,20,Yes
tplttrafcdual_BREAK02,8,16,34,42,Yes
tplttrafcdual_GLOWREDDAY,0,0,0,6,Yes
tplttrafcdual_GLOWYELLOWDAY,0,0,0,6,Yes
tplttrafcdual_GLOWGREENDAY,0,0,0,6,Yes
tplttrafcdual_GLOWREDNIGHT,0,0,0,6,Yes
tplttrafcdual_GLOWYELLOWNIGHT,0,0,0,6,Yes
tplttrafcdual_GLOWGREENNIGHT,0,0,0,6,Yes
vpcop_BODY,10,64,234,296,Yes
vpcop_SHADOW,0,0,4,4,No
vpcop_HLIGHT,0,4,28,28,No
vpcop_TLIGHT,0,0,0,8,No
vpcop_SLIGHT0,0,0,0,4,No
vpcop_SLIGHT1,0,0,0,4,No
vpcop_WHL0,0,4,16,24,Yes
vpcop_WHL1,0,4,16,24,No
vpcop_WHL2,0,4,16,24,No
vpcop_WHL3,0,4,16,24,No
vpcop_REDLIGHT,0,0,0,12,No
vpcop_BLUELIGHT,0,0,0,12,No
vpcop_RLIGHT,0,0,0,4,No
vpcop_BLIGHT,0,0,0,2,No
vasedans_BODY,10,26,60,146,Yes
vasedans_SHADOW,0,0,4,4,No
vasedans_HLIGHT,0,4,20,24,No
vasedans_TLIGHT,0,0,0,4,No
vasedans_SLIGHT0,0,0,0,4,No
vasedans_SLIGHT1,0,0,0,4,No
vasedans_WHL0,0,2,16,20,Yes
vasedans_WHL1,0,2,16,20,No
vasedans_WHL2,0,2,16,20,No
vasedans_WHL3,0,2,16,20,No
vasedanl_BODY,10,42,59,148,Yes
vasedanl_SHADOW,0,0,4,4,No
vasedanl_HLIGHT,0,4,20,24,No
vasedanl_TLIGHT,0,0,0,4,No
vasedanl_SLIGHT0,0,0,0,4,No
vasedanl_SLIGHT1,0,0,0,4,No
vasedanl_WHL0,0,4,16,20,Yes
vasedanl_WHL1,0,4,16,20,No
vasedanl_WHL2,0,4,16,20,No
vasedanl_WHL3,0,4,16,20,No
vavan_BODY,10,38,172,156,Yes
vavan_SHADOW,0,0,4,4,No
vavan_HLIGHT,0,4,20,24,No
vavan_TLIGHT,0,0,0,4,No
vavan_SLIGHT0,0,0,0,4,No
vavan_SLIGHT1,0,0,0,4,No
vavan_WHL0,0,4,16,20,Yes
vavan_WHL1,0,4,16,20,No
vavan_WHL2,0,4,16,20,No
vavan_WHL3,0,4,16,20,No
vadiesels_BODY,10,30,103,188,Yes
vadiesels_SHADOW,0,0,4,4,No
vadiesels_HLIGHT,0,4,20,24,No
vadiesels_TLIGHT,0,0,0,4,No
vadiesels_SLIGHT0,0,0,0,4,No
vadiesels_SLIGHT1,0,0,0,4,No
vadiesels_WHL0,0,4,16,20,Yes
vadiesels_WHL1,0,4,16,20,No
vadiesels_WHL2,0,4,16,20,No
vadiesels_WHL3,0,4,16,20,No
vacompact_BODY,10,22,50,152,Yes
vacompact_SHADOW,0,0,4,4,No
vacompact_HLIGHT,0,4,20,24,No
vacompact_TLIGHT,0,0,0,4,No
vacompact_SLIGHT0,0,0,0,4,No
vacompact_SLIGHT1,0,0,0,4,No
vacompact_WHL0,0,4,16,20,Yes
vacompact_WHL1,0,4,16,20,No
vacompact_WHL2,0,4,16,20,No
vacompact_WHL3,0,4,16,20,No
vapickup_BODY,10,26,146,180,Yes
vapickup_SHADOW,0,0,4,4,No
vapickup_HLIGHT,0,4,20,24,No
vapickup_TLIGHT,0,0,0,4,No
vapickup_SLIGHT0,0,0,0,4,No
vapickup_SLIGHT1,0,0,0,4,No
vapickup_WHL0,0,4,8,20,Yes
vapickup_WHL1,0,4,8,20,No
vapickup_WHL2,0,4,8,20,No
vapickup_WHL3,0,4,8,20,No
vabus_BODY,12,54,174,110,Yes
vabus_SHADOW,0,0,4,4,No
vabus_HLIGHT,0,0,0,20,No
vabus_TLIGHT,0,0,0,4,No
vabus_WHL0,0,4,16,16,Yes
vabus_WHL1,0,4,16,16,No
vabus_WHL2,0,2,16,16,No
vabus_WHL3,0,2,16,16,No
vabus_WHL4,0,4,16,16,No
vabus_WHL5,0,4,16,16,No
vadelivery_BODY,10,32,106,147,Yes
vadelivery_SHADOW,0,0,4,4,No
vadelivery_HLIGHT,0,4,20,24,No
vadelivery_TLIGHT,0,0,0,4,No
vadelivery_SLIGHT0,0,0,0,4,No
vadelivery_SLIGHT1,0,0,0,4,No
vadelivery_WHL0,0,4,16,20,Yes
vadelivery_WHL1,0,4,16,20,No
vadelivery_WHL2,0,4,16,20,No
vadelivery_WHL3,0,4,16,20,No
valimo_BODY,10,26,70,187,Yes
valimo_SHADOW,0,0,4,4,No
valimo_HLIGHT,0,4,20,24,No
valimo_TLIGHT,0,0,0,4,No
valimo_SLIGHT0,0,0,0,4,No
valimo_SLIGHT1,0,0,0,4,No
valimo_WHL0,0,4,16,20,Yes
valimo_WHL1,0,4,16,20,No
valimo_WHL2,0,4,16,20,No
valimo_WHL3,0,4,16,20,No
valimoblack_BODY,10,26,70,187,Yes
valimoblack_SHADOW,0,0,4,4,No
valimoblack_HLIGHT,0,4,20,24,No
valimoblack_TLIGHT,0,0,0,4,No
valimoblack_SLIGHT0,0,0,0,4,No
valimoblack_SLIGHT1,0,0,0,4,No
valimoblack_WHL0,0,4,16,20,Yes
valimoblack_WHL1,0,4,16,20,No
valimoblack_WHL2,0,4,16,20,No
valimoblack_WHL3,0,4,16,20,No
vataxi_BODY,10,30,76,172,Yes
vataxi_SHADOW,0,0,4,4,No
vataxi_HLIGHT,0,4,20,24,No
vataxi_TLIGHT,0,0,0,4,No
vataxi_SLIGHT0,0,0,0,4,No
vataxi_SLIGHT1,0,0,0,4,No
vataxi_WHL0,0,4,16,20,Yes
vataxi_WHL1,0,4,16,20,No
vataxi_WHL2,0,4,16,20,No
vataxi_WHL3,0,4,16,20,No
vataxicheck_BODY,10,30,68,166,Yes
vataxicheck_SHADOW,0,0,4,4,No
vataxicheck_HLIGHT,0,4,20,24,No
vataxicheck_TLIGHT,0,0,0,4,No
vataxicheck_SLIGHT0,0,0,0,4,No
vataxicheck_SLIGHT1,0,0,0,4,No
vataxicheck_WHL0,0,2,16,20,Yes
vataxicheck_WHL1,0,2,16,20,No
vataxicheck_WHL2,0,2,16,20,No
vataxicheck_WHL3,0,2,16,20,No
valimoangel_BODY,10,26,70,187,Yes
valimoangel_SHADOW,0,0,4,4,No
valimoangel_HLIGHT,0,4,20,24,No
valimoangel_TLIGHT,0,0,0,4,No
valimoangel_SLIGHT0,0,0,0,4,No
valimoangel_SLIGHT1,0,0,0,4,No
valimoangel_WHL0,0,4,16,20,Yes
valimoangel_WHL1,0,4,16,20,No
valimoangel_WHL2,0,4,16,20,No
valimoangel_WHL3,0,4,16,20,No
vaboeing,34,126,186,266,Yes
r_L_train,0,8,12,40,Yes
tpdrawbridge06,12,22,32,32,Yes
tpdrawbridge06_RAIL,0,12,20,20,Yes
tpcrossgate06,4,4,8,8,Yes
tpcrossgate06_BREAK01,0,0,8,8,Yes
tpcrossgate06_BREAK02,0,0,8,8,Yes
tpcrossgate06_BREAK03,0,0,8,8,Yes
tpcrossgate06_BREAK04,0,0,8,8,Yes
tpcrossgate06_BREAK05,0,0,8,8,Yes
tpcrossgate06_BREAK06,0,0,8,8,Yes
tpcrossbase,4,4,4,14,Yes
tpdrawbridge04,12,22,32,32,Yes
tpdrawbridge04_RAIL,0,12,20,20,Yes
tpcrossgate04,4,4,9,9,Yes
tpcrossgate04_BREAK01,0,0,9,9,Yes
tpcrossgate04_BREAK02,0,0,8,8,Yes
tpcrossgate04_BREAK03,0,0,8,8,Yes
tpcrossgate04_BREAK04,0,0,8,8,Yes
